,SOI,window_size,up_z,low_z,1000_today,inc_per_share,avg_p_change,days_per_hold,trades_per_year,earnings_per_year
406,stx_adj,120.0,2.36,3.32,2315.57138961,24.1189719,1.31557138961,177.0,1.51752454993,1.55377882257
40,apc_adj,264.0,1.98,3.14,2160.61998558,37.7422413,1.16061998558,225.6,1.15300329718,1.23288232773
437,ual_adj,276.0,2.96,2.86,1962.72843179,36.3429983,0.962728431788,114.5,2.27272491574,1.23127026773
231,incy_adj,272.0,3.1,2.24,2231.76347535,82.3500054,1.23176347535,277.0,0.938923979987,1.1969561437
1,aal_adj,224.0,2.3,3.24,2008.58004516,24.0350592,0.918155643341,105.2,3.10647307925,1.17844293103
318,nfx_adj,240.0,1.9,2.8,1892.50272994,20.9780001,0.892502729943,115.3,2.41085091801,1.12332461558
166,expe_adj,92.0,3.1,3.28,2683.98888188,76.9289164,1.68398888188,508.8,0.511009372768,1.10587407804
429,tsla_adj,142.0,2.26,3.22,1856.97685057,126.8240084,0.856976850566,91.0,5.37627118644,1.10175464135
317,nflx_adj,192.0,3.18,1.92,2353.18442582,61.9314297,1.35318442582,349.8,1.33188561034,1.10078951781
272,lrcx_adj,197.0,2.6,3.06,2327.00526749,81.0764714,1.32700526749,396.0,0.656578217528,1.06663662786
144,ea_adj,88.0,3.18,2.28,3704.70423962,60.3539987,1.59234933889,450.7,0.636657844019,1.05207069895
409,swks_adj,45.0,3.14,2.18,3961.57920019,67.9192327,2.1391860992,611.1,0.618520354872,1.04485381919
118,cxo_adj,276.0,2.16,3.2,1838.14126192,60.7820018,0.83814126192,129.4,2.04882154882,1.01325259118
88,chtr_adj,112.0,3.06,3.08,2089.57010098,173.0359924,1.08957010098,321.8,0.893839239388,0.992202894762
453,vmc_adj,104.0,3.22,3.32,2487.54135981,81.057167,1.48754135981,525.0,0.495238095238,0.987747994463
204,hal_adj,286.0,2.3,2.78,1889.21734481,24.963246,0.889217344812,220.0,1.18189990151,0.940750684821
212,hes_adj,222.0,2.06,2.98,1863.78475759,29.7985689,0.863784757587,227.9,1.14086206744,0.902352803837
93,cma_adj,278.0,3.12,3.38,1835.68059137,27.0067232,0.835680591367,208.0,1.25071867042,0.895936423625
218,hpq_adj,170.0,2.56,2.92,1913.73118808,8.338889,0.91373118808,276.0,0.942028985507,0.894033164909
58,bby_adj,276.0,3.3,2.7,1816.78199232,20.3977568,0.816781992311,213.6,1.21724563569,0.868232533198
228,idxx_adj,112.0,3.36,2.58,2364.96790945,80.157508,1.36496790945,581.6,0.45047498001,0.86716109871
295,mlm_adj,174.0,2.94,3.08,2300.29136139,129.4726146,0.990924620065,371.0,1.07507154465,0.836777373578
251,klac_adj,280.0,2.9,2.44,1917.20479715,41.1565511,0.917204797144,344.2,0.760986799168,0.821032522677
111,csx_adj,122.0,3.38,3.22,1858.11477667,20.853552,0.858114776675,311.0,0.955016184074,0.819718772209
382,rost_adj,138.0,2.96,2.54,2005.42607813,30.5999731,1.00542607813,427.6,0.672892728509,0.802951952677
361,pru_adj,210.0,3.26,3.26,1734.52930569,40.82329,0.73452930569,190.0,1.36842105263,0.800362917493
316,nem_adj,274.0,2.78,3.02,1916.74389409,16.641883,0.916743894094,373.8,0.695569892473,0.79450417628
388,schw_adj,278.0,2.94,3.02,1730.28702132,16.1841616,0.730287021318,197.5,1.31666237299,0.787699867237
24,alb_adj,106.0,3.14,3.16,1991.68658169,45.414288,0.991686581686,470.0,0.553191489362,0.764955496916
314,ndaq_adj,27.0,2.98,2.92,2335.08765215,35.3852717,1.33508765215,697.2,0.391038245993,0.748418155405
160,etfc_adj,202.0,2.94,2.86,2046.43288786,15.1770009,1.04643288786,400.4,1.02735150281,0.740404392155
25,alk_adj,268.0,2.58,2.52,1628.57010999,34.8598702,0.62857010999,120.5,2.16000797136,0.736030993407
7,adbe_adj,77.0,3.16,2.16,2364.34863214,70.0400025,1.36434863214,659.0,0.544450001481,0.73509697017
397,snps_adj,234.0,2.62,2.94,1743.40009236,30.130005,0.743400092361,276.0,0.942028985507,0.729816593966
59,bcr_adj,15.0,3.1,2.42,2702.87071085,187.2242925,1.70287071085,899.1,0.297613539014,0.726707195606
47,avgo_adj,135.0,3.18,1.98,1795.77915619,87.3466718,0.795779156191,339.9,0.766970100168,0.725607341652
44,arnc_adj,114.0,3.0,3.1,1701.44015083,10.9831572,0.701440150836,229.4,1.49626974595,0.723257165601
370,rai_adj,22.0,3.36,2.28,2560.26776713,32.1088601,1.31812316005,663.9,0.453508128622,0.723158029783
82,celg_adj,56.0,3.32,2.76,1889.12524101,61.5930005,0.795161660153,351.7,0.742668294413,0.717759590474
45,atvi_adj,63.0,2.96,2.78,2020.99261718,20.7446963,1.02099261718,416.1,0.832275518321,0.717692730236
12,adsk_adj,266.0,2.6,2.76,1769.83059826,35.542997,0.769830598262,321.6,0.808461146173,0.717425307176
54,bac_adj,274.0,3.4,3.08,1682.46612942,9.0282966,0.68246612942,222.7,1.16752799284,0.711634412321
378,rjf_adj,226.0,3.02,3.38,1667.17755315,28.1624301,0.667177553148,205.6,1.26461638646,0.708844960529
326,ntap_adj,274.0,2.08,2.82,1655.7748733,14.1832348,0.655774873299,177.5,1.56804997453,0.707822272017
183,fmc_adj,210.0,3.02,3.36,1834.85263253,32.7525102,0.83485263253,405.3,0.641518112328,0.706443567445
53,ba_adj,280.0,3.0,3.1,1709.24241392,76.2095454,0.709242413922,268.4,0.969090909091,0.703190989666
28,amat_adj,253.0,2.84,2.66,1655.31074462,9.6905542,0.655310744618,198.3,1.31764553034,0.700616586579
120,dal_adj,122.0,2.58,3.1,2008.20778121,20.2500332,1.0082077812,399.4,2.59240167865,0.698929292921
434,txn_adj,238.0,2.66,2.2,1674.93255596,28.23884,0.674932555956,231.0,1.12554112554,0.696832559038
342,pcln_adj,213.0,2.36,2.82,1895.54610582,777.9580199,0.686310295408,248.2,1.12120854655,0.69327339471
327,ntrs_adj,278.0,3.3,3.14,1653.08515621,34.8525391,0.653085156211,206.5,1.25981858054,0.692119665306
374,rf_adj,260.0,3.2,3.4,1649.93456728,4.7767162,0.64993456728,203.2,1.27953250266,0.691419885515
328,nue_adj,207.0,3.04,3.0,1700.48211793,24.9212464,0.700482117923,268.8,1.00289746738,0.686155957316
299,mo_adj,78.0,3.06,2.76,1911.16442592,26.8767889,0.911164425916,511.3,0.509709278426,0.683399899145
178,fitb_adj,268.0,3.34,3.32,1642.14820744,9.777251,0.642148207443,207.0,1.25603864734,0.679781892398
202,gt_adj,186.0,2.54,3.1,1606.19948249,11.8241837,0.606199482492,153.0,1.6996084434,0.679445721177
258,kss_adj,168.0,3.0,2.68,1593.20576857,19.8905317,0.593205768574,131.9,1.976094087,0.679407690285
286,mchp_adj,120.0,3.32,2.86,1972.34119791,36.199869,0.97234119791,586.0,0.443686006826,0.673462222593
238,isrg_adj,210.0,3.0,2.7,1777.94002514,358.0209961,0.777940025134,393.6,0.660574393529,0.672096875773
123,dfs_adj,240.0,3.18,3.24,1640.93396952,27.9930116,0.640933969518,218.6,1.18940783987,0.669759515212
117,cvx_adj,280.0,2.26,3.18,1713.17750103,47.7521559,0.713177501035,327.0,0.795150607865,0.663692391669
29,amd_adj,48.0,3.08,2.94,1857.91308404,1.68,0.580043536338,123.9,9.57985748462,0.660477807383
109,crm_adj,262.0,2.1,2.48,1545.01389908,29.4580007,0.545013899075,75.1,3.46234702235,0.65888583538
474,xec_adj,185.0,2.18,3.16,1835.06431109,60.471667,0.615959721682,193.3,1.37994382167,0.658857448239
269,lnc_adj,250.0,3.1,3.34,1624.46016235,23.676919,0.624460162346,211.4,1.23121887004,0.656686378036
35,amzn_adj,181.0,3.22,2.12,1627.01054763,184.9299984,0.627010547634,201.6,1.58518941351,0.656514515235
154,eqix_adj,39.0,2.98,3.06,2424.08419907,234.2563488,0.832068520965,436.8,0.648537178432,0.655088371006
330,nwl_adj,236.0,2.88,2.26,1566.38330343,19.2674152,0.566383303424,124.9,2.08737295918,0.651538815294
404,sti_adj,284.0,2.82,3.4,1607.09255296,19.2455248,0.607092552955,194.4,1.33747128893,0.649680157189
309,mtd_adj,140.0,3.22,2.7,2062.08505286,238.300018,1.06208505286,710.0,0.366197183099,0.64610980481
302,mpc_adj,234.0,2.16,3.32,1624.80605086,19.5723406,0.62480605086,231.7,1.13524977357,0.642784113785
205,has_adj,39.0,3.1,2.28,2189.99509905,51.6157721,1.18999509906,783.7,0.350159793527,0.640377407689
363,psx_adj,238.0,3.04,3.24,1593.95852969,33.053377,0.593958529686,203.2,1.27953250266,0.628884356111
461,wba_adj,72.0,3.28,3.26,1691.48647452,36.6466312,0.60963977116,229.75,1.13510670771,0.628085974813
8,adi_adj,156.0,3.2,3.08,1716.77027063,29.1067658,0.716770270631,379.9,1.01713173264,0.626649296359
163,ew_adj,128.0,3.2,1.96,0.0,-18.1509955,0.685429412924,357.95,0.726572560606,0.620571308648
95,cme_adj,48.0,3.32,3.0,1945.40011049,55.1075965,0.945400110484,661.0,0.393534512541,0.6185832633
173,fdx_adj,284.0,2.48,3.18,1597.43643067,73.842337,0.597436430666,225.7,1.15267746448,0.618085523414
380,rok_adj,292.0,2.58,2.48,1603.696603,53.2314172,0.603696603004,233.5,1.12903777912,0.61529856839
48,avy_adj,148.0,3.24,2.82,1754.74969785,31.2864192,0.754749697852,436.1,0.771278829599,0.614509682343
441,unh_adj,68.0,3.18,2.36,2384.90510522,88.359325,0.885856795133,495.0,0.633819222578,0.609472299199
282,mar_adj,34.0,3.18,2.32,2355.70916274,51.7177723,1.1502427301,786.5,0.39147083382,0.608253944996
133,dlr_adj,208.0,2.84,1.86,1755.18192915,29.5481303,0.755181929151,478.8,0.543267926241,0.605396850437
249,key_adj,282.0,3.16,3.2,1560.99184004,5.4424758,0.560991840045,189.1,1.37493734336,0.60077480329
442,unm_adj,228.0,3.06,3.24,1570.14272461,15.1859915,0.570142724607,208.7,1.24581339713,0.599118277075
486,zion_adj,276.0,2.8,3.32,2313.4544145,23.3628993,0.540399887903,155.55,1.67660128618,0.597394593684
237,irm_adj,278.0,2.44,2.14,1532.06550236,12.4997657,0.532065502356,143.0,2.14824363059,0.597118822944
43,are_adj,144.0,2.64,3.28,1604.31600178,44.4201202,0.604316001777,274.6,0.94684971936,0.595793451303
291,met_adj,209.0,3.28,3.34,1555.88355958,19.1009286,0.555883559579,191.0,1.36140350877,0.593981088123
239,itw_adj,45.0,3.1,2.52,2117.32470825,71.0352955,1.11732470825,844.9,0.352778533923,0.592831961405
305,ms_adj,246.0,3.04,3.32,1564.59658379,14.1262037,0.564596583786,209.4,1.24172379865,0.592630860053
371,rcl_adj,53.0,3.16,2.26,1924.90156329,44.3993587,0.799581819837,560.75,0.467257341478,0.591680096229
16,aet_adj,100.0,2.86,2.32,2064.05893001,72.6722373,0.681040702589,376.85,0.839959652893,0.589944809027
445,uri_adj,218.0,3.04,2.5,1740.35028871,44.7509998,0.740350288707,450.9,0.659630916952,0.588218224039
137,dow_adj,246.0,2.86,2.56,1652.01612338,24.4634079,0.652016123377,367.4,0.708140630089,0.587177717616
153,eog_adj,290.0,2.36,2.7,1562.92655853,35.9946777,0.562926558526,215.3,1.29740217532,0.586755337353
63,biib_adj,212.0,2.4,2.6,1469.76837124,105.509979,0.469768371244,25.0,10.4,0.583230994064
206,hban_adj,286.0,3.04,3.32,1557.76798714,4.5766333,0.557767987141,216.1,1.2048280469,0.581645302717
322,noc_adj,38.0,3.38,2.66,1762.64191436,95.4559897,0.762641914355,483.8,0.567553408582,0.580611964674
179,fl_adj,107.0,2.82,2.48,1938.32212157,34.4495356,0.938322121565,581.7,0.93442849652,0.579179213765
233,intu_adj,32.0,3.4,2.78,2010.14856214,55.3091198,1.01014856214,800.6,0.333140954495,0.578953202204
121,dd_adj,256.0,2.36,2.94,1635.93991697,30.4374744,0.635939916972,366.3,0.710154995086,0.574551093253
483,yhoo_adj,261.0,2.28,2.44,1599.85456366,16.0089995,0.599854563659,299.1,1.07075718438,0.56888993065
62,bhi_adj,296.0,2.68,2.78,1550.1899226,21.8164406,0.550189922601,231.4,1.16147320782,0.568014160399
221,hrs_adj,188.0,3.02,2.36,1714.34884319,41.5634526,0.714348843189,482.0,0.566493080729,0.56787478593
440,ulta_adj,116.0,2.5,2.04,2021.98395523,120.6280034,0.506553081924,125.2,2.77799959877,0.567203426666
33,amp_adj,288.0,2.38,3.2,1552.62933124,43.0442959,0.552629331243,231.2,1.14054480697,0.565811351976
452,vlo_adj,254.0,2.1,2.42,1495.91045882,22.7143499,0.495910458823,116.2,2.24566753741,0.564898074568
49,awk_adj,78.0,3.28,2.3,1978.81847052,37.6711224,0.978818470517,777.5,0.378298349514,0.564437190825
22,ajg_adj,272.0,2.12,3.14,1574.47213014,20.6826503,0.574472130141,279.5,0.93033913219,0.564125145234
288,mco_adj,40.0,3.16,1.98,2147.24511513,62.7605534,1.14724511513,964.8,0.26948600821,0.56396889454
477,xlnx_adj,264.0,3.1,2.42,1744.05624358,25.5274176,0.744056243582,549.8,0.47289948667,0.563597116319
468,wmb_adj,82.0,2.46,3.24,1482.53714203,14.6590232,0.482537142032,107.3,4.75441176471,0.562097123013
115,ctxs_adj,206.0,3.32,2.06,1887.04476374,38.3436672,0.887044763743,735.0,0.363636211783,0.556016355422
254,kmx_adj,230.0,2.62,2.88,1699.78510771,27.6580018,0.537410334295,227.3,1.14824050984,0.553586541436
385,rtn_adj,120.0,3.28,2.38,1728.62795959,62.3101984,0.728627959595,551.7,0.482016390851,0.552431701374
482,yelp_adj,222.0,2.64,2.66,1555.90588013,13.9310008,0.555905880124,270.2,0.963534558677,0.550212592236
400,spgi_adj,243.0,2.68,2.4,1599.99626028,43.5042468,0.505965229936,159.05,1.83352145507,0.54921248698
131,dish_adj,270.0,1.96,3.24,1538.73524257,21.7230002,0.538735242573,239.4,1.09230872947,0.548272845029
460,wat_adj,224.0,3.14,2.04,1647.91805847,61.8239922,0.647918058474,449.2,0.578813537551,0.544567944012
448,v_adj,20.0,3.36,2.6,2088.38240763,47.1935999,1.04118880087,872.0,0.34032552553,0.543398701558
408,swk_adj,228.0,2.58,2.24,1559.37672133,49.345267,0.559376721332,303.0,0.858085808581,0.538318593097
0,a_adj,140.0,3.08,3.0,1580.23023929,19.8146286,0.580230239292,346.0,0.773410447211,0.538189021437
139,dri_adj,96.0,3.28,2.88,1687.04656347,30.1814325,0.68704656347,519.3,0.532068968307,0.537463794684
283,mas_adj,124.0,3.0,2.08,1999.60449257,16.2865652,0.534820748373,253.4,1.0588232196,0.537022090395
396,sni_adj,256.0,2.98,3.22,1592.94366027,30.0909782,0.592943660274,370.3,0.704564497115,0.535741606681
20,aiv_adj,206.0,2.42,2.26,1589.11319535,13.4577124,0.533621843166,251.95,1.03986360864,0.53494293698
110,csco_adj,232.0,2.7,3.32,1540.73956582,11.9575941,0.540739565821,274.1,0.948572583003,0.534038371031
23,akam_adj,270.0,2.4,2.84,1512.29654009,23.2890002,0.512296540086,214.0,1.22363397198,0.53339786034
126,dhi_adj,162.0,2.5,2.24,1545.34156546,11.78961,0.545341565459,260.5,1.65370877871,0.532904592365
275,luv_adj,84.0,2.9,2.04,702.732787886,-4.6388932,0.524902650138,226.983333333,1.54689323671,0.529148002486
390,shw_adj,60.0,3.32,2.48,2012.82816416,163.334374,1.01282816416,947.0,0.274551214361,0.528434041548
271,low_adj,62.0,3.26,2.36,1778.10549413,34.7019001,0.718240931769,549.5,0.566795498083,0.528363053534
241,jbht_adj,284.0,3.18,2.64,1512.99813181,33.5141131,0.512998131814,227.4,1.14348507137,0.527727170654
292,mhk_adj,209.0,2.82,3.02,1577.89576079,83.1830002,0.577895760786,333.4,0.90433145464,0.524642628665
457,vrtx_adj,175.0,3.22,2.22,1995.32850125,59.1530018,0.76207692534,673.45,0.416640136504,0.521591225987
101,cof_adj,268.0,3.24,3.34,1503.79423261,29.3448181,0.50379423261,219.4,1.18644111136,0.52152492185
294,mkc_adj,170.0,3.08,2.8,1687.09378978,41.0479922,0.687093789777,567.7,0.459459759923,0.519966299976
201,gs_adj,284.0,2.98,3.16,1494.05295777,70.2271107,0.494052957773,201.3,1.29719033863,0.519479931337
125,dgx_adj,56.0,3.14,3.22,1747.91138914,42.1820094,0.658035852347,516.35,0.542630346976,0.518063828596
246,jpm_adj,256.0,3.28,2.38,1488.02040557,25.1868444,0.488020405567,190.4,1.36557017544,0.517805035105
465,wfm_adj,232.0,2.1,2.9,1489.23594243,18.1870571,0.489235942431,196.1,1.32611513122,0.516684581258
79,cbs_adj,204.0,2.68,3.18,1552.11158641,22.7443781,0.552111586407,331.9,0.784118603817,0.516345164607
73,cag_adj,238.0,2.96,2.1,1552.85325312,11.5488068,0.552853253122,340.0,0.764725964794,0.515953034096
319,ni_adj,57.0,3.18,1.9,2097.92411574,11.6537204,0.593830612598,415.8,0.630496284463,0.514455977342
236,ir_adj,162.0,2.66,2.48,1688.37039244,30.5287514,0.688370392442,526.7,0.657051030915,0.513819298257
55,bax_adj,220.0,2.82,3.2,1510.04506435,16.3393324,0.510045064354,239.2,1.28571428572,0.50838545712
423,tmk_adj,254.0,2.66,2.58,1481.26966527,23.1241522,0.48126966527,195.4,1.33213716109,0.507771961153
134,dltr_adj,188.0,2.6,2.22,1533.42475122,30.8900004,0.533424751224,288.3,1.27522289571,0.507608801086
347,pfg_adj,239.0,2.46,3.28,1485.33102031,18.6309903,0.485331020308,213.6,1.21726746774,0.504566128971
412,symc_adj,220.0,2.9,3.0,1487.907664,7.2794096,0.487907663998,219.6,1.22178012685,0.503850393277
124,dg_adj,240.0,2.76,2.46,1434.10023306,25.651999,0.434100233057,81.0,3.20987654321,0.50253065113
487,zts_adj,106.0,2.98,3.16,1532.02553727,16.119655,0.484825136066,231.1,1.1973439272,0.502018816338
172,fcx_adj,58.0,2.92,2.98,2243.25581858,8.8113991,0.470680665436,226.863333333,1.82387442691,0.499787826879
6,acn_adj,60.0,3.3,2.34,1812.20349792,53.956025,0.812203497917,820.0,0.317073170732,0.49592739863
435,txt_adj,136.0,2.9,3.18,1468.78389781,13.5430865,0.468783897807,194.0,1.35609624949,0.495056649671
210,hcp_adj,270.0,1.98,2.98,1443.48985847,10.7339873,0.443489858471,124.8,2.08637116613,0.495040349356
407,stz_adj,19.0,3.02,2.34,2438.59011379,98.1541221,0.497499496795,264.6,0.985292991783,0.495028366039
215,holx_adj,20.0,3.12,2.98,2227.35850354,25.9699992,0.531953463051,351.9,0.754494114445,0.494992586869
81,ccl_adj,94.0,2.92,2.3,1704.13089245,21.7796646,0.651259033967,571.35,0.48193391899,0.492143162073
200,grmn_adj,231.0,3.0,2.48,1480.55745802,16.3564425,0.480557458013,233.1,1.11540295661,0.491235049044
421,tif_adj,246.0,2.74,2.76,1497.14672209,30.0399075,0.497146722092,276.6,0.940000829851,0.49041080951
243,jec_adj,86.0,3.16,3.14,1521.06616883,19.7064854,0.521066168833,348.1,0.812412467892,0.488586569929
245,jnpr_adj,224.0,2.92,2.56,1492.27498057,8.8069993,0.492274980568,257.6,1.49298889539,0.48821824933
262,leg_adj,220.0,2.24,2.52,1440.52941308,16.2172062,0.44052941308,133.6,1.94705882353,0.487488828166
351,phm_adj,276.0,2.72,2.8,1500.15458443,7.8474037,0.500154584433,295.3,0.880521085367,0.485939416299
209,hcn_adj,264.0,2.58,2.76,1488.76699526,23.8216588,0.424947721743,94.2,3.19784517252,0.484259255405
232,intc_adj,258.0,2.36,2.68,1487.30933614,12.1594766,0.487309336144,268.8,0.96727206594,0.483869199446
132,dlph_adj,208.0,3.16,3.02,1595.90579905,29.5332206,0.595905799051,418.0,0.803855683899,0.482674989854
431,tso_adj,62.0,3.16,2.7,1945.02862833,41.0251634,0.68894460437,611.583333333,0.71573493391,0.482119582926
170,fb_adj,41.0,2.32,2.76,1940.16666025,48.8109961,0.484375439389,198.2,2.58070263527,0.477965667124
3,aapl_adj,66.0,3.12,2.54,2114.13619697,66.0373997,0.567284534796,440.75,0.635641120856,0.47788486754
296,mmc_adj,60.0,3.12,2.5,1731.67812881,30.571408,0.731678128817,764.6,0.340047223078,0.477492213467
325,nsc_adj,282.0,2.42,3.06,1498.59498013,34.7581268,0.498594980132,312.6,0.832110515805,0.477476916577
89,ci_adj,64.0,3.1,3.2,1585.57175141,46.411234,0.477288680985,237.7,1.24464324159,0.473914519272
57,bbt_adj,249.0,3.3,3.22,1455.14655805,13.7640654,0.455146558051,209.6,1.24051565795,0.473639161889
193,glw_adj,173.0,2.78,2.94,1501.70399438,8.1433674,0.501703994377,323.6,1.58920666019,0.469534988728
417,tdg_adj,260.0,3.4,3.1,1407.12273521,69.752817,0.407122735211,77.0,3.37662337662,0.468716977888
422,tjx_adj,212.0,2.94,1.88,1475.62369428,24.2678612,0.475623694275,280.6,0.927134318969,0.468061501357
350,ph_adj,274.0,2.68,2.98,1479.32623355,44.6551856,0.479326233551,292.3,0.89085856117,0.467668632052
353,pld_adj,110.0,2.74,2.68,1590.23913694,19.6053362,0.590239136942,516.9,1.00846296373,0.467540101495
128,dis_adj,80.0,3.16,2.02,1783.99127246,45.6517704,0.742384238583,784.45,0.355732958328,0.467332077909
177,fisv_adj,38.0,3.24,2.34,2125.85331732,52.0254933,0.497493004712,304.933333333,0.975391608459,0.4671707236
266,lll_adj,264.0,3.22,2.24,1441.58625735,44.372743,0.441586257355,192.0,1.35719372645,0.465775951604
135,dnb_adj,282.0,2.44,2.64,1437.05480639,41.7387154,0.437054806384,197.8,1.4102289285,0.463339480335
176,fis_adj,220.0,2.8,2.02,1449.02892854,25.4498818,0.449028928546,226.3,1.39191919192,0.462966150416
418,tel_adj,209.0,2.86,2.76,1439.89692582,21.6920105,0.439896925817,192.0,1.66925071039,0.461723299991
354,pm_adj,226.0,3.24,2.98,1650.74252483,43.0620922,0.650742524835,687.7,0.395420522788,0.460948576937
52,azo_adj,88.0,3.3,2.84,1467.85513218,237.1910063,0.467855132184,276.4,0.971186017479,0.460757430843
64,bk_adj,244.0,2.96,2.98,1436.69746073,14.3985695,0.436697460733,201.4,1.29309945229,0.456966353395
234,ip_adj,213.0,2.48,3.0,1539.33689859,19.3649092,0.481174982135,326.85,0.841379052046,0.456792077699
42,aph_adj,138.0,2.78,2.56,1541.27913691,24.2347241,0.541279136911,472.2,0.751677796739,0.454744186203
149,eix_adj,18.0,3.14,2.44,1740.38254928,31.5738266,0.740382549282,870.2,0.300318429145,0.452858852606
411,syk_adj,148.0,2.8,2.34,1452.36400231,39.313657,0.452364002306,268.1,0.973463936202,0.448802322369
77,cbg_adj,214.0,2.98,3.34,1442.17275345,10.4899991,0.442172753451,240.3,1.0927510122,0.448205590067
196,googl_adj,288.0,2.74,2.28,1406.89459285,202.3399958,0.406894592854,132.4,1.96856748434,0.447456716846
108,cpb_adj,90.0,3.08,2.98,1526.05013905,20.3085552,0.526050139047,503.4,0.573938683283,0.446413261901
276,lvlt_adj,111.0,2.56,3.0,1598.94149309,19.7179996,0.507110182142,415.6,0.636006498619,0.446148084878
430,tsn_adj,20.0,3.18,2.54,1848.55994969,28.128726,0.628146911763,626.7,0.502672006893,0.44474256424
467,wm_adj,60.0,3.34,2.54,1588.70718941,23.9088624,0.588707189412,560.1,0.502025614184,0.444528517071
338,payx_adj,137.0,3.04,2.68,1460.12823234,18.4879679,0.460128232338,285.7,1.0499305814,0.444337210109
87,chrw_adj,248.0,3.06,2.72,1661.18748848,32.0426366,0.661187488476,762.3,0.341104108144,0.444312640751
395,sna_adj,57.0,3.04,2.44,1687.47373067,64.3935471,0.554803499948,541.6,0.48727589208,0.444311089373
211,hd_adj,26.0,3.12,2.28,2186.26241718,82.3157548,0.509279278471,449.55,0.578603445929,0.44094258253
481,xyl_adj,144.0,2.62,3.16,1884.7236927,22.3860461,0.416287926512,180.366666667,1.46794845193,0.440504256544
71,c_adj,258.0,2.84,3.22,1429.39998387,18.017826,0.429399983871,227.0,1.14537444934,0.440031245165
216,hon_adj,155.0,3.1,2.64,1604.05802761,46.8088552,0.604058027613,663.0,0.40399660348,0.438859712827
37,antm_adj,70.0,3.06,2.34,1851.24166396,68.8324103,0.480660784572,357.8,0.774655705972,0.438346750191
466,whr_adj,276.0,1.8,2.24,1401.61153497,53.5253474,0.40161153497,147.2,1.79466253015,0.438328182126
244,jnj_adj,220.0,2.96,3.08,1482.04793685,41.945273,0.482047936847,391.0,0.664961636829,0.436955329513
122,de_adj,280.0,3.0,2.68,1444.33434759,31.076938,0.444334347587,290.0,0.896551724138,0.434604077844
99,cnc_adj,92.0,2.14,3.36,1376.42064325,19.0769982,0.376420643252,61.7,4.23029457874,0.434191050416
458,vtr_adj,280.0,2.38,2.4,1415.03851284,20.5820011,0.415038512842,209.6,1.24113741939,0.430583896117
21,aiz_adj,98.0,2.26,3.28,1398.18931862,25.5872749,0.398189318616,153.5,1.69764820504,0.429837039589
484,yum_adj,164.0,2.94,2.4,1448.50548774,21.0462457,0.448505487733,317.5,0.919709358584,0.429680586452
26,all_adj,256.0,3.08,2.42,1467.15478014,25.7304158,0.467154780148,373.8,0.695622724579,0.429475524714
332,oke_adj,114.0,2.8,2.54,1663.49968288,21.4357024,0.623113665056,667.55,0.433840623726,0.428396619461
381,rop_adj,44.0,3.3,2.26,1740.34362441,86.0148288,0.740343624419,961.6,0.270389483594,0.428362996342
401,spls_adj,212.0,2.98,3.08,1407.38489626,4.0169377,0.407384896262,193.0,1.34768387741,0.427739390181
68,bsx_adj,162.0,3.02,2.44,1105.88978004,3.155999,0.406164114744,182.25,2.76600695531,0.427026050777
175,ffiv_adj,270.0,2.36,2.7,1417.23028475,40.8740049,0.41723028475,232.0,1.12471084762,0.425830087804
145,ebay_adj,236.0,2.84,2.4,1405.21565441,8.5723805,0.405215654406,197.0,1.59645299026,0.425660495151
225,hum_adj,115.0,3.36,2.3,1786.45564577,92.5979619,0.403213968502,176.233333333,1.70067008871,0.425084937588
235,ipg_adj,98.0,3.06,2.66,1511.54579358,8.0622606,0.511545793577,507.1,0.567462755579,0.424011157413
105,coo_adj,173.0,2.26,2.76,1401.96255885,52.4350935,0.401962558855,186.5,1.47578324277,0.423114562725
298,mnst_adj,184.0,2.24,2.26,1555.05577009,15.8056663,0.39037057056,144.6,2.13823684644,0.42132359697
148,efx_adj,54.0,3.1,2.7,1881.40317653,57.2359794,0.433489854294,293.35,0.929012704848,0.420982568977
476,xl_adj,147.0,3.0,3.36,1477.27030558,12.4197083,0.477270305581,431.6,0.609834698998,0.420971572574
94,cmcsa_adj,149.0,2.78,1.98,1567.95765475,13.1788662,0.444153721623,335.35,0.806463901436,0.420231644236
376,rht_adj,228.0,2.64,2.42,1672.50839816,33.0900026,0.427312206217,285.2,0.911669890393,0.419709769997
65,blk_adj,74.0,2.92,2.62,1629.10403698,148.6566725,0.629104036978,756.2,0.429593684811,0.419688958858
217,hp_adj,200.0,3.06,2.64,1471.7451089,25.1384622,0.471745108896,435.7,0.616779007661,0.417998458563
164,exc_adj,222.0,2.16,2.74,1391.5279535,9.8051269,0.391527953499,173.7,2.92776846387,0.416877985147
277,lyb_adj,192.0,2.7,2.32,1486.8277458,30.6634049,0.406340079176,252.2,1.36812785935,0.414848215559
297,mmm_adj,170.0,2.78,2.02,1501.23943397,62.1427571,0.501239433972,496.3,0.6358124345,0.414743648243
10,adp_adj,212.0,3.04,2.4,1435.47722925,30.6952888,0.435477229252,333.2,0.780318880311,0.413429584497
165,expd_adj,246.0,2.92,1.82,1515.1680441,19.0863594,0.5151680441,576.8,0.455515654969,0.410757795271
224,hsy_adj,202.0,3.02,2.3,1381.09424459,30.774478,0.381094244589,157.0,1.65605095541,0.409155599158
394,slg_adj,132.0,2.02,3.2,1370.16728235,30.1326468,0.370167282352,115.3,2.25728395037,0.409017134394
50,axp_adj,276.0,2.18,3.32,1400.69134651,21.6441072,0.400691346507,234.1,1.11247113316,0.407742158177
264,lh_adj,270.0,2.48,2.92,1368.33754967,37.179993,0.368337549666,113.0,2.30088495575,0.407290576634
352,pki_adj,217.0,2.34,3.04,1417.63909422,16.630131,0.417639094218,296.3,0.886379264744,0.406198559615
478,xom_adj,146.0,2.76,3.26,1408.96444156,26.6667996,0.408964441557,274.6,0.987151210407,0.405709381741
38,aon_adj,150.0,2.62,2.58,1500.05933295,39.1520657,0.500059332946,531.8,0.608156469971,0.405309381626
367,pxd_adj,126.0,2.76,3.02,1985.94877248,93.1434853,0.392852891008,245.7,1.9136987827,0.404223428636
334,onvo_adj,250.0,2.78,3.1,1427.29970326,1.44,0.427299703264,343.0,0.758017492711,0.403373129953
188,gd_adj,221.0,3.14,2.62,1465.73838819,50.3091602,0.39418116895,226.9,1.19313931744,0.401850218579
331,o_adj,54.0,2.88,2.62,1604.22367206,21.8112329,0.427923403927,273.066666667,1.24353948117,0.401293155629
265,lkq_adj,204.0,2.14,2.72,1539.68138281,12.0290003,0.365547683805,125.15,3.52943576475,0.400439638318
355,pnc_adj,268.0,3.32,2.94,1381.76845082,29.148453,0.381768450817,190.0,1.36842105263,0.400350544023
195,goog_adj,288.0,2.6,2.32,1366.21040312,180.377754,0.366210403116,129.0,2.01550387597,0.400026221662
485,zbh_adj,266.0,2.64,2.04,1406.96297596,36.6927008,0.406962975965,278.1,1.14579130688,0.39989140449
306,msft_adj,65.0,3.18,2.66,2006.08962463,27.6052835,0.400871692681,244.683333333,1.12096145392,0.399798822068
341,pcg_adj,80.0,2.92,2.64,1493.49907467,20.9823999,0.493499074669,560.4,0.545693643871,0.398813133582
349,pgr_adj,142.0,2.98,2.04,1492.01664652,10.8370519,0.492016646521,534.4,0.564760507974,0.3969574917
456,vrsn_adj,106.0,2.98,2.32,1573.71326991,27.481998,0.414741590072,295.1,0.948743333368,0.396700840822
393,slb_adj,288.0,1.9,2.56,1381.24685677,23.144336,0.381246856776,198.7,1.35488220233,0.396651854168
171,fbhs_adj,162.0,3.04,2.08,1398.20156966,14.2192854,0.398201569658,266.0,0.977638215549,0.39656343863
194,gm_adj,198.0,2.92,2.84,1507.17707422,12.1985842,0.407429902693,299.45,0.891828708528,0.395947323042
86,chk_adj,23.0,2.14,2.66,1825.95323305,-0.8576554,0.342970808338,50.3333333333,6.19039611727,0.395834592687
75,cat_adj,225.0,2.22,2.88,1389.91094219,23.8048902,0.389910942192,237.0,1.10799405707,0.395376996871
391,sig_adj,60.0,3.0,3.3,1338.07811593,23.079811,0.338078115932,25.0,10.4,0.394727887711
76,cb_adj,66.0,3.1,2.08,1607.78570164,49.678789,0.607785701637,873.0,0.297823987572,0.392649919037
127,dhr_adj,116.0,3.28,2.06,1440.62071975,23.6817747,0.440620719743,408.9,0.687050935258,0.392630533272
373,regn_adj,24.0,2.7,3.02,1539.98529826,156.8659881,0.359685371706,124.15,2.5802481894,0.391866089898
433,twx_adj,40.0,3.14,2.62,2015.57535598,48.4832152,0.425371432971,396.2,0.656235103935,0.388061795742
280,maa_adj,68.0,2.98,2.88,1439.97219742,24.1815043,0.43997219742,453.0,0.593721897457,0.38718462341
157,es_adj,64.0,3.14,2.76,1505.94103239,17.8530869,0.505941032389,656.9,0.39581589094,0.385280437653
14,aep_adj,42.0,3.32,2.54,1562.79851041,23.7971249,0.562798510415,766.8,0.368602635725,0.385049234408
19,aig_adj,290.0,2.3,2.2,1349.96697186,16.8401727,0.349966971859,117.4,2.30951655929,0.383942804041
375,rhi_adj,256.0,2.42,3.04,1372.83595697,13.3028205,0.372835956972,214.5,1.21370885536,0.383880901769
274,lulu_adj,232.0,2.04,2.58,1801.50042814,33.3820023,0.367488349354,192.8,1.35019872972,0.383861489762
444,ups_adj,203.0,2.64,2.66,1375.07134574,32.3051101,0.37507134574,226.7,1.14696617426,0.383366337707
372,reg_adj,72.0,2.94,3.0,1373.84707883,20.2567208,0.373847078834,194.2,1.69901694006,0.382952373637
104,col_adj,33.0,3.08,2.14,1673.96788866,39.1984177,0.559438301108,743.2,0.518245342608,0.381689100962
339,pbct_adj,218.0,3.4,2.38,1381.27072498,4.9017899,0.38127072498,255.9,1.26719311889,0.381341513163
303,mrk_adj,102.0,3.38,2.68,1505.41491147,20.860212,0.505414911475,652.7,0.443710884313,0.380287228561
405,stt_adj,252.0,2.3,3.38,1367.80061358,20.8338116,0.367800613581,214.0,1.21513028629,0.378965793011
268,lmt_adj,31.0,2.82,2.14,1535.9928114,64.8070497,0.382416872343,293.5,0.956892604343,0.375845391664
9,adm_adj,81.0,2.96,2.48,1547.71167617,16.1299611,0.54771167617,757.9,0.452392375897,0.375804465646
198,gpn_adj,60.0,2.78,2.08,2300.67709451,40.8392756,0.354895736175,158.575,2.7555667552,0.375028049543
345,pep_adj,79.0,2.86,2.24,1526.83006591,37.1278826,0.526830065913,727.4,0.415246984223,0.374176024379
446,usb_adj,40.0,3.32,2.94,1577.51760419,17.1421421,0.577517604192,901.4,0.288440431494,0.373104573129
279,ma_adj,191.0,2.54,2.54,1425.49039735,31.4835524,0.425490397344,325.0,1.18892747102,0.372798348511
348,pg_adj,260.0,2.3,3.28,1400.59003481,26.093167,0.400590034809,372.6,0.697806451613,0.372406642471
223,hst_adj,140.0,2.48,2.72,1460.75525411,5.8171431,0.372915707829,384.1,1.08136204977,0.370955835512
454,vno_adj,272.0,2.64,2.48,1339.38332993,26.679004,0.339383329934,120.0,2.16666666667,0.370655131982
208,hca_adj,131.0,2.88,2.1,1525.48845612,27.2249984,0.392819572635,339.4,0.769325990323,0.369172662978
229,iff_adj,86.0,3.14,2.62,1428.90365846,40.3235984,0.428903658459,478.3,0.606570369908,0.368541365608
27,alxn_adj,110.0,2.52,3.06,1322.49536554,49.990005,0.322495365541,47.0,5.53191489362,0.368130416526
384,rsg_adj,153.0,3.22,1.92,1396.30170706,11.5141319,0.396301707063,378.4,0.687188132134,0.367294296029
340,pcar_adj,260.0,2.72,3.06,1376.23232506,18.2708248,0.37623232506,302.1,0.860643017944,0.366322844061
263,len_adj,210.0,2.92,2.7,1446.98341847,15.9649451,0.446983418467,530.5,0.686793591871,0.363646193063
32,amgn_adj,193.0,2.72,2.86,1473.76994455,55.1887944,0.385101358704,270.1,1.24515872063,0.363363176811
335,orcl_adj,41.0,3.1,2.96,1574.48698375,16.1495882,0.417724782426,496.5,0.811659612737,0.362915153944
307,msi_adj,148.0,2.36,2.6,1440.6143264,24.9289387,0.367348994139,260.95,1.08252552094,0.362374521579
432,tss_adj,130.0,2.22,2.5,1600.36728084,19.7558604,0.344864975891,163.8,2.03655350728,0.360621339229
112,ctas_adj,119.0,2.9,2.08,1330.13812897,26.182016,0.330138128967,125.0,2.08,0.358549555756
471,wy_adj,268.0,2.46,3.16,1393.15545065,9.837667,0.393155450647,408.0,0.637254901961,0.358292192818
387,scg_adj,36.0,2.8,2.72,1389.38427145,17.4305434,0.358235498811,212.15,1.85576324459,0.35784239762
78,cboe_adj,98.0,3.26,2.0,1405.21863455,21.6943448,0.405218634555,446.7,0.591946146943,0.355669969018
146,ecl_adj,18.0,2.92,2.0,1555.59102665,43.0431895,0.555591026648,932.1,0.279163763613,0.354994304986
222,hsic_adj,60.0,2.8,3.3,1341.66982434,45.5480036,0.341669824344,198.4,1.31058626466,0.354739085835
70,bxp_adj,198.0,2.5,2.44,1348.96985896,36.166451,0.348969858956,234.0,1.11111111111,0.354563562436
415,tap_adj,111.0,2.68,3.0,1672.36179247,33.5737106,0.335464961747,105.6,10.9527288732,0.353958978051
290,mdt_adj,224.0,2.84,2.74,1336.26174203,21.238679,0.336261742028,176.0,1.47727272727,0.353859179449
357,pnw_adj,53.0,3.28,2.72,1443.78815649,20.6522147,0.443788156489,621.9,0.450327798431,0.352985644265
472,wyn_adj,226.0,2.76,2.62,1395.89763531,23.9162475,0.395897635304,407.3,0.817930902769,0.35218515677
136,dov_adj,288.0,2.1,2.56,1345.59745128,18.5058695,0.345597451278,230.6,1.12917369555,0.351704547863
451,viab_adj,30.0,2.18,3.28,1333.12885365,10.5529021,0.309045439842,49.0,5.87219499397,0.350868826658
85,chd_adj,62.0,3.26,2.7,1874.9783277,23.8481545,0.377417950417,377.1,0.704223524011,0.350664324728
2,aap_adj,110.0,2.92,2.8,1576.22285865,67.4863846,0.328906342225,151.6,5.38273491215,0.349427561225
34,amt_adj,85.0,2.88,2.24,1637.02367366,46.5610205,0.442111407406,551.55,0.90925398943,0.3477729539
443,unp_adj,226.0,2.36,2.82,1361.10244228,28.0387485,0.361102442284,325.3,0.799263803681,0.347102016921
344,peg_adj,76.0,3.26,2.16,1490.74789062,14.5701482,0.490747890622,708.2,1.04580042319,0.346419138731
369,r_adj,78.0,3.28,2.08,1503.34656269,25.4519518,0.503346562687,841.8,0.309715503706,0.346392549126
181,flr_adj,68.0,2.64,3.24,1497.11646374,21.5130362,0.309594028255,66.8,7.332725359,0.345134636161
365,pwr_adj,181.0,2.88,3.18,1366.58163253,8.5540002,0.36658163253,397.5,0.688181790961,0.345094299997
100,cnp_adj,132.0,2.74,2.92,1331.55973865,5.592819,0.331559738654,250.5,1.15630152086,0.344592636533
161,etn_adj,250.0,2.1,3.22,1409.59702441,20.5874269,0.370323108344,370.65,0.783025296353,0.344056389863
470,wu_adj,110.0,2.98,2.28,1425.72382345,6.4575521,0.425723823453,602.8,0.630870132628,0.343122484954
180,flir_adj,264.0,2.94,2.92,1354.86658279,9.4589931,0.35486658279,321.4,0.809489903739,0.341962210428
41,apd_adj,180.0,2.42,2.92,1340.89382376,36.2713342,0.340893823759,247.6,1.32553181849,0.341261236708
72,ca_adj,272.0,2.32,2.44,1373.12279914,8.5642974,0.332278343611,224.65,1.87285961121,0.337638017365
15,aes_adj,268.0,1.92,3.32,1334.12763659,3.1893249,0.334127636594,242.6,1.07210090348,0.337526923518
162,etr_adj,288.0,2.1,2.32,1322.37305049,18.8001778,0.322373050488,180.2,1.52089814596,0.337397253067
66,bll_adj,232.0,3.28,2.34,1328.19344839,19.7161054,0.328193448395,216.9,1.1987113842,0.336538915283
308,mtb_adj,220.0,3.08,3.34,1331.22442696,34.654029,0.331224426963,237.6,1.14937520916,0.335836159102
197,gpc_adj,278.0,2.42,2.28,1305.43220636,22.9091708,0.305432206361,86.8,4.58692131283,0.33541243015
333,omc_adj,216.0,2.86,2.18,1350.22988934,21.6557325,0.35022988934,301.2,1.27822839549,0.335343992284
414,t_adj,114.0,3.24,2.8,1387.07230498,10.8007529,0.387072304978,489.0,0.590559892934,0.33511458886
147,ed_adj,30.0,2.74,2.84,1387.17127522,20.8516263,0.38717127522,467.5,0.636946296698,0.334915682945
97,cmi_adj,266.0,2.24,3.36,1344.80892585,36.5385076,0.344808925846,311.0,0.838879394161,0.334801469601
358,ppg_adj,148.0,2.24,2.48,1378.23786261,29.5466362,0.378237862614,451.7,1.14653740791,0.334680781377
267,lly_adj,264.0,2.32,2.48,1299.30882945,19.718452,0.299308829446,70.1,3.71351479571,0.33361078265
230,ilmn_adj,92.0,2.36,2.8,1716.61040711,71.6389923,0.34625367211,225.35,1.89057608011,0.3334096943
260,l_adj,282.0,3.08,3.14,1346.50696378,12.118571,0.346506963781,326.5,0.796326522954,0.333321972554
141,duk_adj,296.0,2.56,1.9,1311.76974468,19.6141095,0.311769744685,156.5,1.66423632246,0.330772691781
449,var_adj,282.0,2.88,2.86,1320.18471388,22.8739966,0.320184713881,210.4,1.23574813812,0.329381669008
346,pfe_adj,266.0,2.36,2.84,1300.33579844,8.2880418,0.300335798443,109.4,2.3767253492,0.326893753512
39,apa_adj,136.0,2.34,3.0,1326.47535182,14.8579366,0.326475351814,238.6,6.13015029712,0.323948285012
289,mdlz_adj,87.0,2.42,3.24,1343.5893633,11.10075,0.343589363294,240.1,1.6900074478,0.323851973495
227,ice_adj,36.0,3.4,2.58,1394.73764761,15.473625,0.394737647609,636.8,0.417326686944,0.317897717259
213,hig_adj,130.0,2.76,2.32,1566.48878925,16.7002775,0.32360961129,295.8,0.925746875438,0.316636192659
462,wdc_adj,28.0,2.92,2.68,1545.20129973,29.6671488,0.369997421272,466.45,0.986867283447,0.316152472648
252,kmb_adj,98.0,3.4,2.58,1503.04277825,44.3731496,0.375617948811,517.55,0.562381111669,0.314160810429
379,rl_adj,218.0,2.24,3.12,1500.07937089,45.244092,0.302195642263,196.3,1.32461214213,0.313189388639
98,cms_adj,106.0,2.86,2.16,1326.39917343,9.353028,0.326399173425,235.1,1.41205189589,0.311111130821
248,k_adj,192.0,3.06,2.2,1490.99101943,24.845159,0.330996991504,375.1,0.722139162736,0.311094778746
359,ppl_adj,246.0,2.6,2.54,1306.77196445,8.5181102,0.306771964452,243.4,1.20211122343,0.309397303792
324,nrg_adj,48.0,2.44,3.1,1488.62903323,7.4200404,0.273803035854,33.1,9.86420443482,0.308998592338
220,hrl_adj,70.0,2.8,3.3,1291.96390396,6.3388835,0.291963903957,151.3,1.78667914658,0.307807626606
11,ads_adj,282.0,2.5,2.94,1316.00160732,62.580727,0.316001607318,309.0,0.84142394822,0.307732366357
464,wfc_adj,272.0,2.98,3.2,1299.09020791,13.098641,0.29909020791,208.0,1.25,0.307550194389
455,vrsk_adj,192.0,2.52,2.7,1294.92657401,18.908,0.29492657401,181.6,2.04404712672,0.307260327112
424,tmo_adj,102.0,2.88,2.96,1395.17748803,37.245466,0.304798508076,229.65,1.31651230969,0.304920042619
189,ge_adj,136.0,2.86,2.54,1647.66161608,12.9831989,0.286818091047,155.7,1.97991805929,0.302305392016
389,see_adj,127.0,2.28,2.58,1476.11415524,15.922644,0.29893438956,241.1,1.36086366105,0.299744847061
403,sre_adj,272.0,2.54,3.1,1291.08731015,25.1417512,0.291087310153,205.4,1.26608056191,0.299595257725
5,abt_adj,218.0,2.54,2.44,1359.56965818,11.8816426,0.359569658179,513.3,0.694587413295,0.297430669168
242,jci_adj,294.0,2.48,3.04,1291.51741433,9.8985657,0.291517414333,223.6,1.17933354694,0.296903799957
285,mcd_adj,218.0,3.18,2.06,1289.78472507,24.0431589,0.289784725072,224.5,1.17224306076,0.294951322362
169,fast_adj,267.0,3.06,2.96,1276.42956674,10.0246403,0.276429566742,198.4,1.62715591721,0.286806864436
214,hog_adj,292.0,2.26,2.72,1287.23114786,13.070416,0.287231147866,267.4,0.973857590383,0.285699228204
4,abc_adj,141.0,2.16,2.86,1370.11239907,22.9253561,0.264394965783,133.15,2.62459441728,0.282403949711
91,cl_adj,40.0,3.28,2.2,1399.46170693,20.545939,0.399461706934,923.0,0.281690140845,0.282390712292
343,pdco_adj,276.0,1.98,3.14,1259.64216015,10.201112,0.259642160155,101.3,2.56714807135,0.280613563821
30,ame_adj,20.0,3.34,2.52,1412.24628713,16.5135096,0.412246287137,1000.0,0.260190999662,0.280272453854
103,coh_adj,262.0,1.98,3.1,1302.88948728,9.430236,0.302889487282,421.7,0.765624757076,0.278187923447
253,kmi_adj,64.0,3.06,3.04,1449.64996776,10.4611382,0.26567105497,167.3,1.55599949108,0.277904263212
293,mjn_adj,82.0,3.06,2.66,1565.40541138,34.550599,0.316947339545,517.833333333,0.802228017952,0.277687275234
270,lnt_adj,160.0,3.16,2.36,1256.99290144,6.7096607,0.256992901438,105.1,2.47426268547,0.277006477675
13,aee_adj,43.0,3.18,2.72,1318.71211899,10.6354108,0.283882162012,314.0,1.03107938289,0.273765979911
143,dvn_adj,91.0,2.32,3.2,1365.15171986,13.5380945,0.263446644359,179.65,1.52788785981,0.27368180572
60,bdx_adj,104.0,2.28,2.3,1479.37581557,57.8971752,0.26455433576,167.783333333,1.7610070617,0.272468448097
447,utx_adj,226.0,2.08,3.02,1372.37982206,31.062433,0.277431554662,293.15,0.924916141623,0.272269002645
67,bmy_adj,124.0,2.26,2.84,1259.2472005,14.5959586,0.259247200493,166.2,1.57011576561,0.271230339469
438,udr_adj,46.0,2.96,2.52,1410.11629917,9.4433623,0.316920746988,432.05,0.870857187826,0.270940708487
155,eqr_adj,113.0,2.44,2.38,1369.02685251,15.8063631,0.268434944985,191.5,2.84938564563,0.270914959596
140,dte_adj,60.0,3.28,2.28,1473.2697955,28.8739201,0.288288787337,396.25,0.657974770284,0.269475871649
17,afl_adj,204.0,2.78,2.96,1292.75776589,15.6328443,0.292757765896,432.8,0.617694837903,0.269168252823
386,sbux_adj,123.0,2.64,2.44,1254.92069415,9.2103532,0.254920694146,155.2,2.34291884645,0.267838308609
356,pnr_adj,256.0,2.0,3.28,1264.19302456,13.7464114,0.264193024561,245.2,1.06038300897,0.266056820969
420,tgt_adj,192.0,2.98,3.08,1257.75464107,12.9055612,0.257754641075,198.0,1.31331102449,0.26547565072
199,gps_adj,94.0,2.1,2.64,1397.2091974,7.2444258,0.251000837985,158.583333333,3.03578451223,0.265303707113
174,fe_adj,266.0,2.04,2.06,1249.78358278,6.9507032,0.249783582778,129.5,2.15453500026,0.265274360557
364,pvh_adj,141.0,2.04,3.14,1288.15853605,25.0516664,0.258969792067,214.15,1.22811764678,0.264219203226
256,kors_adj,204.0,2.36,3.3,1255.12737209,11.7180002,0.255127372088,194.4,1.33802192291,0.262988842678
159,ess_adj,258.0,1.94,3.18,1265.23305958,49.4111096,0.265233059576,286.6,0.907652592981,0.261948069472
392,sjm_adj,142.0,3.24,2.08,1507.93254575,45.652017,0.258122196657,233.4,1.14900210254,0.261110430452
439,uhs_adj,28.0,2.78,2.16,2040.78359969,63.9636736,0.271001517252,260.03,1.27523436611,0.260415247858
106,cop_adj,248.0,2.42,3.12,1266.92809978,10.9660814,0.266928099777,329.7,0.788598678609,0.258451374889
255,ko_adj,240.0,2.9,2.3,1249.67591994,8.9473984,0.249675919942,185.8,1.62292420053,0.25731468248
119,d_adj,152.0,3.24,2.62,1239.76408194,14.4714973,0.239764081939,118.5,2.26602950091,0.255670367046
102,cog_adj,128.0,2.12,2.86,1676.09743685,12.181875,0.242139678279,180.85,1.73682161891,0.249461363118
114,ctsh_adj,98.0,1.92,3.2,1513.40381017,21.195005,0.23058725655,83.35,3.11946838031,0.249150109109
107,cost_adj,117.0,3.26,2.28,1241.96267934,31.74875,0.24196267934,192.7,2.14528455117,0.248062642386
190,ggp_adj,175.0,2.4,2.3,1232.08321888,5.3879282,0.23208321888,113.9,2.87138300296,0.247200485338
203,gww_adj,260.0,2.76,3.06,1253.16740586,51.0077845,0.253167405856,342.5,0.761858646227,0.244442381149
80,cci_adj,97.0,2.76,2.86,1231.14783963,17.051474,0.231147839631,158.7,2.14371937156,0.239925728931
300,mon_adj,266.0,2.32,3.36,1243.79688073,22.0489621,0.243796880726,286.2,1.02098695454,0.239627799984
315,nee_adj,148.0,3.18,2.3,1291.33353966,23.9585967,0.232868021798,151.3,2.07790246166,0.23900768689
138,dps_adj,120.0,2.78,2.58,1236.5333112,17.5332887,0.236533311203,218.9,1.86413305156,0.238991889667
323,nov_adj,120.0,2.2,2.9,1223.16156344,6.6278475,0.223161563445,103.9,2.50251964864,0.23846691656
362,psa_adj,34.0,2.54,2.86,1516.07614791,79.6439818,0.236272245816,267.0,0.988239032935,0.235968369523
74,cah_adj,113.0,2.16,2.88,1380.62318872,23.9469705,0.232602982231,188.55,2.36170397566,0.235543231771
92,clx_adj,257.0,1.96,2.4,1215.78658283,24.1265772,0.215786582837,70.8,3.68090506721,0.233295999286
427,trv_adj,87.0,2.52,2.72,1283.77674783,25.2534677,0.265184463198,289.05,4.05245364544,0.23203676303
259,ksu_adj,124.0,2.02,3.08,1313.70980055,24.9435417,0.219999184859,127.633333333,2.08337614316,0.231979088694
475,xel_adj,55.0,2.88,2.84,1223.50946976,6.8196258,0.22350946976,192.1,1.47873099651,0.229820023469
469,wmt_adj,200.0,2.34,2.74,1236.01255403,14.1824786,0.236012554027,401.4,0.658591561819,0.222840765609
151,emn_adj,244.0,1.94,2.78,1224.16177197,14.1018152,0.224161771967,279.9,1.0270285842,0.221871038214
46,avb_adj,236.0,2.04,2.18,1264.40885935,37.0305953,0.207279817646,107.25,2.47177776751,0.219907534735
320,nke_adj,49.0,2.4,2.98,1200.23976388,10.1906857,0.200239763876,28.4,10.4689168574,0.219265518278
83,cern_adj,164.0,2.22,2.7,1250.06743847,12.8430037,0.22210448135,237.45,1.62929020578,0.217745629553
186,frt_adj,20.0,2.56,3.22,1394.4144558,43.6670269,0.213813151227,184.65,2.23417993442,0.213297137102
311,mur_adj,72.0,2.26,3.2,1303.14518103,11.4468159,0.198276654606,90.35,2.94970115902,0.211659783151
257,kr_adj,81.0,3.24,2.06,0.0,-9.8908418,0.217521606637,364.416666667,0.746816574038,0.20806615075
459,vz_adj,246.0,3.18,2.6,1196.59375477,7.992421,0.196593754773,109.0,2.38532110092,0.207934199812
366,px_adj,90.0,2.9,3.16,1217.65678947,21.8893696,0.217656789467,385.2,0.704420047733,0.207281662522
419,tgna_adj,262.0,2.76,3.08,1216.65703675,4.6609008,0.216657036743,381.6,0.681356690879,0.206974042677
18,agn_adj,44.0,2.5,2.84,1414.75550708,64.9354739,0.205971868269,175.123333333,2.14439593821,0.206215078766
247,jwn_adj,93.0,2.16,3.08,1293.76271319,12.8241164,0.196049051225,172.8,2.18752735558,0.203790139382
167,exr_adj,52.0,2.36,3.08,1264.01947007,15.1008305,0.188377385107,48.75,9.17339183398,0.203026267091
96,cmg_adj,90.0,2.44,2.74,1283.77428515,131.7839901,0.189769108059,108.533333333,2.85847213937,0.200971459093
479,xray_adj,138.0,2.64,2.72,1200.74195743,9.8341364,0.200741957433,203.3,4.98624821897,0.200736554056
413,syy_adj,94.0,2.56,2.74,1186.78037366,5.380981,0.186780373656,76.0,3.42105263158,0.199446049953
156,eqt_adj,49.0,2.06,3.14,1249.14889418,18.1701554,0.183530518338,81.6,7.06036001897,0.198679355812
113,ctl_adj,208.0,1.84,2.62,1322.4939221,7.2777747,0.184043815886,149.8,1.80063105263,0.191562527149
480,xrx_adj,17.0,2.82,2.5,1294.46206947,1.5631633,0.236313528557,714.4,0.413699517395,0.188958434774
130,disck_adj,169.0,2.18,3.16,1210.14315456,5.7355013,0.18987785992,304.85,0.869904484618,0.187120403508
226,ibm_adj,206.0,2.54,3.0,1241.09729494,33.4894356,0.203596380045,542.1,0.493744358403,0.185415428739
426,trow_adj,220.0,2.28,2.88,1237.21262602,14.9617927,0.196856877904,414.35,0.755893845466,0.185087056926
463,wec_adj,41.0,2.8,2.38,1534.87737666,20.3454943,0.181303173007,208.516666667,1.3815541501,0.184276426054
398,so_adj,53.0,3.06,2.3,1265.03673542,10.1738473,0.181710679169,322.1,0.931992946686,0.180328980429
158,esrx_adj,40.0,3.02,2.72,1213.24076209,13.14,0.213240762089,791.1,0.328657295388,0.178594324178
219,hrb_adj,105.0,2.14,2.86,1190.17453443,4.0737387,0.171813616191,155.466666667,3.43044130901,0.177918384189
240,ivz_adj,40.0,1.96,3.1,1542.66177302,12.2137122,0.172045585246,143.360952381,2.24310707549,0.177916648569
152,emr_adj,262.0,2.86,3.3,1193.33588251,10.2024025,0.193335882507,550.1,0.474897629218,0.176102625857
84,cf_adj,166.0,2.08,2.96,1281.90083762,7.7085695,0.170387347824,173.1,4.92120522096,0.176097236837
310,mu_adj,262.0,2.5,2.98,1179.55244151,3.530001,0.179552441506,377.0,0.689655172414,0.173017521885
410,swn_adj,20.0,2.28,2.94,1266.93512948,1.817,0.159010487129,26.85,9.78933378057,0.171488182621
51,ayi_adj,17.0,3.06,2.02,0.0,-74.9397759,0.167946235675,238.25,1.15470030355,0.167157921556
416,tdc_adj,92.0,1.96,3.22,1340.63309824,9.8299992,0.158569106889,119.5,2.41301469909,0.165476817236
473,wynn_adj,31.0,2.54,2.9,1432.23237217,44.4371668,0.15761820867,200.608333333,1.45484049664,0.16192105343
90,cinf_adj,82.0,2.68,2.52,1288.57843287,12.9305378,0.177304803345,158.39,2.94904301759,0.156666292659
36,an_adj,110.0,1.86,3.08,1369.42649712,15.4669984,0.146384554658,102.25,2.59289355104,0.152958732803
278,m_adj,248.0,2.06,3.24,1149.86264794,5.700696,0.149862647936,260.5,0.998084291187,0.149840482825
287,mck_adj,39.0,2.0,3.02,1215.09861667,26.3220935,0.140060631623,64.5166666667,8.97333834668,0.149721392364
207,hbi_adj,24.0,2.24,2.7,1620.8181947,10.1240271,0.141276519251,79.9433333334,4.19331491252,0.14849821308
273,luk_adj,232.0,3.04,3.34,1152.7719466,3.174827,0.152771946597,472.6,0.660427807487,0.145724052711
301,mos_adj,178.0,2.6,3.28,1266.37235621,10.1596365,0.139124570628,206.0,1.35020885938,0.141093800373
150,el_adj,56.0,2.4,3.0,1535.08631894,33.0344075,0.136501417926,162.608333333,2.14186068967,0.139766558192
185,foxa_adj,216.0,1.96,3.08,1168.35629772,4.3558009,0.139458422608,315.15,0.970867824092,0.137664291424
368,qcom_adj,268.0,2.64,2.9,1140.07102798,8.273359,0.140071027981,422.0,0.616113744076,0.134524320466
168,f_adj,96.0,1.88,3.14,1490.83545854,5.2704998,0.128891538167,103.155,2.68425590537,0.134096459349
129,disca_adj,164.0,2.1,3.16,1228.63726807,6.1128558,0.133740800444,272.241666667,1.44209762672,0.133358826983
383,rrc_adj,28.0,2.32,2.74,1241.50690902,9.9926098,0.124295082626,53.1666666667,7.95798545392,0.132216516477
281,mac_adj,48.0,2.26,3.22,1159.53357807,11.024703,0.12214260706,30.8,9.0251083642,0.129534704722
321,nlsn_adj,50.0,2.76,2.08,1449.0121153,15.3826794,0.127963934525,185.04,1.6491943658,0.128450888787
116,cvs_adj,28.0,2.06,3.08,1171.18392611,12.9939329,0.118258191485,36.05,7.79641909927,0.124473301947
192,gis_adj,56.0,2.64,3.22,1124.74830667,5.7587675,0.118537558764,148.35,1.86226832482,0.121478158828
184,fox_adj,185.0,2.24,2.6,1154.26286958,4.3660827,0.119178055077,367.85,0.785683986055,0.116271255353
337,oxy_adj,256.0,1.86,2.94,1117.35847689,7.8912332,0.117358476892,374.2,0.697136903476,0.114470028358
69,bwa_adj,84.0,2.16,2.78,1267.37270414,10.429601,0.108182610119,179.690454545,3.02879150168,0.111018822425
312,myl_adj,104.0,2.48,2.18,1243.93764855,10.3599968,0.107044193039,184.883333333,1.77555814176,0.10872280157
313,nbl_adj,56.0,2.04,2.86,1158.93914924,2.9019546,0.0993049868432,78.9,3.61102505208,0.103324514457
61,ben_adj,136.0,2.64,3.26,1135.69500211,5.1503588,0.101269064694,275.6,1.54608562691,0.101914172664
31,amg_adj,49.0,2.16,2.72,1227.8954638,33.4285294,0.0857417469519,96.0,2.97254007417,0.0882241228336
142,dva_adj,31.0,2.92,2.1,1142.06769895,8.7390002,0.0861862872941,384.825,0.954486781756,0.0834497391203
56,bbby_adj,111.0,2.56,3.2,1096.73893207,5.8526469,0.0752505309442,156.9,2.56333231049,0.0764205060822
450,vfc_adj,40.0,2.2,2.46,1365.63748209,16.600684,0.0732356032596,92.2654761905,3.09318037748,0.0749477626466
182,fls_adj,24.0,2.24,2.76,1252.07553256,12.9176781,0.071548515161,79.6425,4.1273174972,0.0733879813599
336,orly_adj,10.0,2.14,2.08,1497.54226046,70.382006,0.0545789226379,64.0635818593,7.40369310275,0.0557735233446
360,prgo_adj,20.0,2.14,3.02,1020.25569127,-3.8160762,0.0528735622451,40.1116666667,6.70274285292,0.0549984265132
436,uaa_adj,18.0,2.6,1.94,335.860704068,-6.6907495,0.052578498815,187.272619048,2.42631067189,0.0522443905377
402,srcl_adj,38.0,1.98,2.6,1252.3381668,25.4230026,0.0440107805172,78.3633333333,3.76000937396,0.0446889190511
304,mro_adj,52.0,2.46,2.84,1026.4487849,2.350698,0.0425999627347,150.55,2.04913536013,0.0428994988858
261,lb_adj,20.0,2.08,2.38,1117.88162279,5.6368974,0.0327931361931,73.4741666666,4.17093863552,0.0332154239388
399,spg_adj,13.0,1.94,2.56,854.042445075,-15.1709454,0.0222008297757,33.3830745342,13.235702297,0.0233618922107
425,trip_adj,28.0,1.86,2.66,1157.61918187,10.6930008,0.0192538933719,42.3453972794,7.16180855561,0.0194420992793
187,fti_adj,104.0,2.06,2.22,1025.81258614,0.1179994,0.0119771388238,166.04125,3.19292210638,0.0120316527058
377,rig_adj,75.0,2.22,2.32,878.586420405,-4.5825302,-0.00476170799161,123.331666667,3.25457955427,-0.004679365939
191,gild_adj,12.0,2.06,1.98,0.0,-16.8816828,-0.0146529073907,70.6264788398,5.26746129607,-0.0145582629173
428,tsco_adj,27.0,2.06,2.48,485.172464102,-22.2418194,-0.0209215191799,59.883531746,5.19075674528,-0.020506337432
284,mat_adj,63.0,2.44,2.5,391.241357592,-6.4975008,-0.0252739511822,223.780967124,4.47321489837,-0.0251679350323
250,kim_adj,17.0,1.98,1.98,116.729422662,-15.2072871,-0.0368768825964,50.2930273351,6.71012099979,-0.036188066141
